{
  "project_info": {
    "project_number": "473725360757",
    "firebase_url": "https://cineapp-b4786.firebaseio.com",
    "project_id": "cineapp-b4786",
    "storage_bucket": "cineapp-b4786.appspot.com"
  },
  "client": [
    {
      "client_info": {
        "mobilesdk_app_id": "1:473725360757:android:00c4b9d17002126c",
        "android_client_info": {
          "package_name": "com.herprogramacion.movielife"
        }
      },
      "oauth_client": [
        {
          "client_id": "473725360757-i80ksolq3ha669s18o74u9650qr2vv1o.apps.googleusercontent.com",
          "client_type": 1,
          "android_info": {
            "package_name": "com.herprogramacion.movielife",
            "certificate_hash": "4e8763e04697d3d09b0aff4aac42d32490188287"
          }
        },
        {
          "client_id": "473725360757-kdt72us92tjvq40js081i1j85803snrl.apps.googleusercontent.com",
          "client_type": 1,
          "android_info": {
            "package_name": "com.herprogramacion.movielife",
            "certificate_hash": "c860467cbae3a8ba611d5e443403c2076443e233"
          }
        },
        {
          "client_id": "473725360757-c00c956led8378dvtq4qq068r23tlopr.apps.googleusercontent.com",
          "client_type": 3
        }
      ],
      "api_key": [
        {
          "current_key": "AIzaSyAlbOXjwH-yjEoVJBTF34iZypOZAU-L2oU"
        }
      ],
      "services": {
        "analytics_service": {
          "status": 1
        },
        "appinvite_service": {
          "status": 2,
          "other_platform_oauth_client": [
            {
              "client_id": "473725360757-c00c956led8378dvtq4qq068r23tlopr.apps.googleusercontent.com",
              "client_type": 3
            }
          ]
        },
        "ads_service": {
          "status": 2
        }
      }
    }
  ],
  "configuration_version": "1"
}